Metric,Value
Count,1092.0
Mean,406.85080586080585
Std,771.1354748571862
Min,5.4
25%,79.0
50%,178.0
75%,379.0
Max,7799.0
