Metric,Value
Count,1090.0
Mean,402.75491743119267
Std,719.7874408920811
Min,5.4
25%,77.0
50%,179.0
75%,390.0
Max,7799.0
